,0
0,0.019173163086286416
1,0.0001839072371130619
2,0.00860528117683306
3,-0.029777579217844026
4,0.007062354968886344
5,0.013140220172212058
6,-0.19388208834476975
7,0.06337146290732007
8,-0.04516315521571815
9,-0.08779298984785777
10,0.03512736812859676
11,-0.05549855943805347
12,0.06927504434665581
13,-0.027144846387573033
14,-0.23961041198516964
15,0.08013983944425818
16,0.1901943613245738
17,0.06684216447890663
18,-0.12736528800494518
19,0.13073186884118007
20,-0.15483351373435406
21,-0.05694262212919368
22,-0.030753015368599146
23,0.08038058262336456
24,0.031571489761959115
25,-0.02585086331360916
26,-0.020847116201530735
27,0.056637204350836634
28,-0.042369732026665614
29,0.014533855432312556
30,-0.05505384708740883
31,0.00890850956368754
32,-0.027421095951381928
33,-0.015606526406564368
34,-0.010038676382212036
35,-0.023056703570330933
36,0.1312291820801343
37,0.2998819607031871
38,-0.09116861927257425
39,-0.03454134353164016
40,0.004592217225176335
41,0.008901005302639008
42,-0.17891934788673167
43,0.08381125721453704
44,0.043491890827021595
45,-0.2224852681141531
46,-0.09208088983656272
47,0.03707259918345748
48,0.008545981745358124
49,-0.0020068026991958907
50,0.02567663452992194
51,-0.027794507722439042
52,-0.027964943697769473
53,0.1201071400979963
54,-0.05188865756108166
55,0.013540415722560178
56,-0.03330486210779088
57,-0.06106084416209514
58,-0.06011285482441588
59,-0.13368695141166956
60,0.027065525649665623
61,0.07433126754431009
62,0.13137708441172352
63,0.019248975923829736
64,-0.0936223227295997
65,0.05054168642109981
66,-0.016063186574177754
67,0.04345250131408622
68,-0.011107138117086142
69,-0.017190862296839752
70,0.05718976494775796
71,-0.069056303501694
72,-0.038848379479295064
73,-0.08235829117281096
74,0.028548600222125436
75,-0.009126940854376327
76,0.0871686125319996
77,0.0522713031794866
78,-0.05961036718606581
79,0.01510075147143007
80,0.07123258383208905
81,-0.09530951594575274
82,-0.007411842570220212
83,0.020318769714061182
84,0.003636734515659084
85,-0.015418397219054913
86,-0.03850499598807567
87,0.008533054308946755
88,-0.0255482170754635
89,-0.01834533481056044
90,-0.04242816204816305
91,0.008710691318934009
92,0.04360387347658665
93,-0.03880659303418951
94,-0.03874129598797368
95,-0.07233925169021324
96,-0.027340203142397042
97,-0.024216579520225146
98,0.11382877017179192
99,-0.09171167144594634
100,-0.07275151790592965
101,-0.029594927628968953
102,0.0033882852215219583
103,0.0361026067134555
104,0.13986678640342334
105,-0.09676637626120363
106,-0.04044494190876547
107,-0.010751794029901333
108,0.02807315154676513
109,-0.01334468491587348
110,0.013650073572284559
111,-0.050278238075041885
112,-0.04186552169006
113,0.015038410387265284
114,-0.07654875733668358
115,0.011685694913388745
116,0.007587196606070713
117,-0.035076283230498995
118,-0.012652796308006541
119,0.027675552532555
120,0.02272201201255831
121,-0.021074879855367396
122,0.06779921419469292
123,-0.031153736025961283
124,-0.01277190020808057
125,-0.026389048695504527
126,0.076418979531972
127,-0.016453880612860003
128,0.144343791562665
129,-0.021471774666040982
130,-0.008840402582399542
131,0.05275406986340336
132,-0.0229184000941363
133,-0.023091419387081785
134,-0.009936927801228837
135,-0.0058821335293158155
136,-0.03310307774314679
137,0.014361041140889028
138,0.024629647344565214
139,0.046500186196058536
140,0.017156102334257038
141,0.01771110465254147
142,-0.049306128553952014
143,-0.2156273152299668
144,0.15063740114786384
145,-0.09036483916282519
146,-0.02318159405303244
147,-0.021407387640706696
148,-0.0731409223806876
149,-0.043907537467216186
150,0.0441253031216087
151,0.008486907778585956
152,0.043892700598365364
153,0.011409743799776405
154,-0.043916460209035266
155,0.07426598316165786
156,-0.0762634851991782
157,-0.046423154895156755
158,-0.03593013919464346
159,0.04924531133402074
160,0.004189392250266405
161,-0.022085666177241288
162,-0.09030568525812788
163,-0.004013920426205151
164,0.026098695261697624
165,-0.01356773159626458
166,0.10991793573585415
167,-0.0553606289631991
168,-0.05991801292698962
169,-0.06721355239962128
170,0.009997854504037805
171,-0.09467297111281271
172,0.06420629968555275
173,0.01580911160798499
174,0.010452309868202864
175,0.02679917072051294
176,-0.04743151725177968
177,-0.02242357748508865
178,-0.01193951247514333
179,-0.021681966712737814
180,-0.011400886476048403
181,0.022851725753274495
182,-0.03156329026518093
183,-0.025026085664492853
184,-0.042553379855336214
185,0.014187569886890967
186,-0.06801951834895716
187,-0.11707565240247364
188,-0.10445521146421677
189,0.0033723413211066587
190,-0.01158888591254985
191,-0.008515926193072704
192,0.0035330574328285127
193,-0.017229704917825495
194,-0.013807719252081758
195,-0.008751040674262182
196,-0.03060712244389045
197,0.006173595273795157
198,-0.08235899050956204
199,-0.013575876573620393
200,0.02378879837955564
201,-0.014351037190825942
202,0.016974815850993055
203,0.003685733683586781
204,-0.01278129432892022
205,-0.013972633688700008
206,-0.010042538342817785
207,-0.030366512209386277
208,0.03242648188061029
209,0.02963468368634152
210,-0.0313676761103726
211,-0.07755053129912898
212,0.0038604033815432762
213,0.04897194879170753
214,-0.012387186941254418
215,0.02164020100224777
216,-0.005208245037478945
217,0.02128060436897455
218,-0.029607456863800057
219,0.009940590633872298
220,-0.0853222858522642
221,-0.023443154283720104
222,-0.03767321137045104
223,-0.009831364522995645
224,-0.005689970003770206
225,0.013542225869169549
226,-0.003914065115949387
227,0.014444316174127851
228,-0.09402921494481555
229,0.05783739546696203
230,0.05705163566203487
231,0.0408354199517396
232,0.03722255251716307
233,0.024364817098002357
234,0.025723558558532707
235,0.02110938152807968
236,0.08804972415943511
237,-0.009869268150406034
238,-0.012127836423611685
239,0.008123454614894915
240,-0.04842160569547153
241,-0.020197760305135166
242,-0.034967125124144766
243,0.020603895218542584
244,0.054478519989722245
245,-0.026548477729942434
246,-0.05031309876290155
247,0.008782560131785388
248,0.0046126586211771
249,0.0008598654946854247
250,-0.0006813644989009809
251,-0.053076577289647375
252,-0.00016240924945401525
253,-0.009924529664648686
254,-0.03900732961659849
255,0.006504530050720928
256,0.0007538192497717113
257,-0.014236808728739031
258,0.011306232224704789
259,-0.012773405416259202
260,-0.003675622794965921
261,0.010343673809426114
262,-0.04579632588141512
263,-0.017548339581407876
264,0.07026353226574918
265,-0.02287713122166584
266,0.008789171932006163
267,-0.008747351818934334
268,-0.006348005538419658
269,-0.026927594104062244
270,0.015789807778026688
271,-0.058071098367412366
272,0.03628407352969674
273,0.02013417756451585
274,0.0007907975222646597
275,-0.002505766830233393
276,-0.006701735667369604
277,0.023749877611183808
278,-0.0027404613629162635
279,0.01513990745453631
280,-0.005282105201441525
281,-0.06976365885684545
282,-0.0024598412925450897
283,-0.004907673539964283
284,0.008945754497529504
285,-0.01760313002885805
286,-0.05989215347143813
287,0.024359424073703593
288,-0.06101309207757772
289,-0.05353178781273108
290,0.16313148656707066
291,-0.0027096035836524195
292,-0.06921187440548926
293,4.717433529072539e-05
294,-0.010773672524130105
295,0.022243911068981964
296,-0.0013232912847639597
297,-0.027090209446072742
298,0.026849614142098858
299,0.01349034941472085
300,-0.010534191916724512
301,0.02166061262543626
302,-0.0023130663777787917
303,-0.003130979244426968
304,-0.01636342426183209
305,0.0054394932642358
306,-0.0029537525157758665
307,-0.026695419687255195
308,-0.007016841880693432
309,0.025811728718763926
310,-0.042552121763197254
311,-0.004297149668973767
312,-0.0198384063267069
313,0.01667426747672479
314,0.0019202854005689026
315,-0.005845679062160788
316,0.002563816828531078
317,-0.0011170798245747225
318,0.03176667776466148
319,0.019165566602945175
320,0.014569435680865314
321,0.021599131133233862
322,0.010327995494911901
323,-0.05857129366083352
324,-0.012170189092119386
325,0.007718439672441235
326,-0.014379584436145476
327,0.004398142272377184
328,0.026110331723211196
329,-0.002330086370309275
330,0.0018901633814037977
331,-0.015667168206913315
332,0.04158189804491934
333,-0.00988872466006403
334,0.007045872800739095
335,-0.03768603120411537
336,-0.012952066251583001
337,-0.03681305211398509
338,-0.0954165659012823
339,0.03477968094486328
340,0.02974535215341013
341,0.048267795321513055
342,-0.022875563308055853
343,-0.01752243774248345
344,0.04647339518550857
345,-0.03806049111496142
346,0.05150143224977154
347,-0.010585002805363564
348,0.0033489008338684206
349,-0.015440123700463923
350,-0.00572103481092001
351,-0.008527675832440794
352,0.04112444587025183
353,-0.01326115258904219
354,-0.012885696731101345
355,0.025329857302567475
356,0.000670306156156027
357,-0.021232683520706334
358,-0.019728966864508136
359,0.026745501081639343
360,-0.003120435667880494
361,0.03834822196901934
362,0.015343659940800718
363,0.027166206809368827
364,0.0064954387998012175
365,0.021359918145044225
366,-0.01475617373910818
367,0.040694811047725286
368,-0.03650754235183167
369,0.001849272932215415
370,-0.006226117761113641
371,-0.040299070103976056
372,0.054056982758447544
373,-0.011612723954314737
374,-0.0038793334068359386
375,0.00763850806822426
376,-0.07456626333767306
377,-0.023051351821808314
378,-0.018516630452641486
379,0.03922337013088585
380,0.04625231556182921
381,0.04773674361223607
382,-0.05025646031791807
383,0.01858471379438395
384,-0.032188571729328916
385,-0.042240794081884865
386,-0.02286206225773551
387,0.020816276882384716
388,0.029884440419440696
389,-0.0005390205105094345
390,0.019434218347251713
391,0.008186930279069596
392,0.06148696819097931
393,-0.044079916594344834
394,-0.08077750759714966
395,0.01856220155150836
396,-0.008286182419675995
397,0.010732014929624278
398,-0.019416267979596426
399,0.037350946691259206
400,-0.01865787832662891
401,-0.021249625963120966
402,0.007996392728440192
403,-0.006244814547613539
404,-0.031177680221289694
405,0.019778110998763233
406,-0.00843774589036662
407,-0.016851278814354973
408,0.019189325658556564
409,0.022375987221506008
410,0.009342482532797722
411,0.0056976367334792034
412,-0.008973765803591785
413,-0.014047544169664522
414,0.003937892762965244
415,-0.01921600910100394
416,0.019949199130871134
417,-0.012769296779156893
418,-0.0009705938274319603
419,0.03350643776574858
420,0.008570503729199897
421,0.008366650669939853
422,-0.004165493065337252
423,0.007070202584944408
424,0.01719170670231728
425,0.03938234247151105
426,0.030425056638647932
427,0.059313302254188974
428,-0.04684790506178851
429,-0.0023870506506318877
430,-0.054766743324291066
431,-0.008816753533225509
432,0.009360992948405587
433,0.026747381174478134
434,-0.03825175166241983
435,-0.010140522540228729
436,0.006040420499235358
437,-0.0006171828538374235
438,-0.0035612249466610863
439,-0.00011716478336061293
440,0.06409519047742004
441,0.012522760071955477
442,0.052933498722102915
443,0.018040432136059936
444,-0.07303133313683054
445,0.07975279565582372
446,-0.03057075147530004
447,0.00544168792639624
448,0.05778021202669814
449,0.026510744312936724
450,-0.0005820048362846272
451,0.011155117460468666
452,-0.030069241139344983
453,-0.012299258833692817
454,0.00975759824608877
455,0.02442536004904821
456,0.010354177448544622
457,0.020692548679688182
458,-0.04734155877068201
459,0.03608272988369861
460,-0.03124383188707933
461,-0.0005633540004963272
462,-0.019928934535302503
463,0.015432705207092789
464,-0.06211636218379302
465,0.03777722098887406
466,-0.023644914362803453
467,0.018891792622679485
468,-0.025968377765780072
469,0.04745335549494557
470,-0.003714069460322345
471,-0.0007886332236477379
472,-0.00499683697644461
473,-0.0013662981370436162
474,-0.004420438466463816
475,0.007958904894925347
476,-0.011102570110038849
477,-0.03303422679222179
478,0.01922002929396711
479,-0.014004704230681383
480,0.0016730111306228976
481,-0.01057087296442264
482,0.024287186080362587
483,0.014269148388665224
484,-0.032663254091183605
485,-0.0062053768450984325
486,0.02175557195688625
487,-0.0018027426366149417
488,0.001225744299999752
489,0.044820552023824074
490,-0.04899629106511814
491,0.01801073658293713
492,-0.007819668989690172
493,0.04478921544681762
494,-0.008478355441430604
495,-0.006200703680427588
496,0.008122626056598258
497,-0.001349728347131469
498,-0.008877339362710662
499,-0.005428364571592656
500,-0.014541750800001328
501,0.005038940852787622
502,0.013924433603535917
503,-0.02373391718791059
504,0.017171839691568287
505,0.04024310622076603
506,-0.007206388299169537
507,0.014579987615609387
508,-0.0014551776125005158
509,-0.017451503048821614
510,-0.0036031699367388087
511,0.002134863133726326
512,-0.012006207024564635
513,0.03585303969915947
514,-0.005511358605769857
515,-0.02108043097372648
516,0.034808855620931826
517,-0.012562341470676777
518,0.020971940883231552
519,-0.0020322265777756423
520,-0.015151431368858584
521,0.01584198767875178
522,-0.04389535879155504
523,0.0003555264608483665
524,0.013964456465967341
525,-0.01253983618363583
526,0.015936099881570163
527,0.07769968299675423
528,0.035141245993805734
529,-0.008628938158631319
530,-0.02767296178019579
531,0.0009722325610781162
532,0.07091313409269434
533,0.018442809341698254
534,0.010585609161168037
535,0.007887450972209307
536,-0.06488441928052553
537,-0.013313179463315384
538,-0.19102892238599745
539,-0.12946073257643054
540,0.0838325779734738
541,-0.036004408917341704
542,0.019320550452613904
543,-0.13022432502855058
544,-0.03892071147570607
545,0.06494414863346892
546,-0.0762857850385653
547,-0.06022213734545956
548,0.06458983795182675
549,0.01876069246653786
550,0.025569702449255372
551,0.02250078412441396
552,-0.17545482430183593
553,0.16791784065712612
554,-0.11151349561739766
555,-0.060151519271807306
556,-0.0214067448741703
557,0.037324744566540044
558,-0.07245444607674127
559,0.002676765605798772
560,0.039254676575585526
561,0.03008308679940936
562,0.05096985574512317
563,0.05125074384262213
564,0.04713236452922952
565,-0.04734285574973585
566,0.023756271164445848
567,0.019609620128512736
568,0.017436600672991
569,-0.039014863762358486
570,0.03220904463159966
571,-0.09854978204352265
572,0.07423451301309779
573,0.05672773267691828
574,-0.008611215716577806
575,-0.04444991705325897
576,0.021880762474807823
577,-0.019006270267657617
578,0.007859603013794321
579,-0.012334988172983376
580,0.0021035582156811025
581,-0.004197468459403176
582,0.03733508373387369
583,-0.019910500873114054
584,-0.016754717114210546
585,-0.050465162108863613
586,0.028344046755728873
587,0.028726924946838293
588,0.0580576504006859
589,0.23414290440719293
590,-0.0014985178390164939
591,-0.05210887408981465
592,0.0073573881297837335
593,0.020710928508562265
594,-0.011373879209419426
595,-0.012628955430837988
596,0.007163142381119538
597,0.00282033065388438
598,-0.03975084284648368
599,0.043912980149005326
600,-0.013360467708183298
601,-0.0041713932282874695
602,-0.013745215819102364
603,-0.0121954679942394
604,0.016351229487810738
605,-0.0018052022904480733
606,0.018634332400759127
607,-0.05169304941164453
608,-0.00039069681903541875
609,-0.04666116083183515
610,0.012510315969244012
611,-0.022691934314225726
612,-0.05913763294406925
613,-0.015019908348299141
614,0.005496650876556451
615,0.020607134086724686
616,0.009110096852277266
617,-0.00030901269432192374
618,-0.000697938403732002
619,0.022572647993037678
620,0.011843182525118815
621,0.03646338793296867
622,-0.0360048856241448
623,0.10989525964898626
624,-0.0061505568284120245
625,-0.06303442446222202
626,0.03507987862895083
627,0.0998706674809629
628,-0.05063428250544007
629,0.010886697598176481
630,-0.0019947308217161328
631,-0.002187109289738173
632,0.010099091126729094
633,-0.07964157769194251
634,-0.007318750223938901
635,0.07589696098267086
636,0.10238495093648733
637,-0.04882506180351222
638,0.012413044583300052
639,-0.01298397194414995
640,0.010974167605913479
641,0.009443876132807071
642,0.007621892909573838
643,-0.018729870214019978
644,0.027461667842279824
645,0.010966822637805539
646,0.011060431745097243
647,0.00026374404743513546
648,-0.009633684266901161
649,-0.016480733773760498
650,0.07009012654448137
651,-0.06623311110883667
652,-0.16971949221364593
653,0.1263128942589913
654,-0.060630767308631955
655,-0.01734762658413999
656,0.03276433740587997
657,0.03656843851002549
658,-0.032525474511908875
659,0.02482704093574728
660,-0.02439066334532608
661,0.06786327760270032
662,0.009015748270145674
663,0.07153009568126643
664,0.1134764960957869
665,-0.06363849582947595
666,-0.1546093289231484
667,-0.009803974057049969
668,-0.0005454340362376214
669,0.10864687523412044
670,-0.025442331272287684
671,-0.0304887563370796
672,-0.0025047140161349735
673,0.0389703537467842
674,-0.07558875566414092
675,-0.003995086209914608
676,0.0488922180451825
677,-0.03040356170447361
678,-0.042198849762122896
679,0.025992377992167685
680,-0.020920578233902747
681,-0.02591685824104856
682,-0.009159162701568694
683,-0.06767526607208632
684,0.017128765522262387
685,-0.04219520665918687
686,-0.0849298650381293
687,-0.11495617622978263
688,0.025537235889900103
689,0.13037762900369548
690,-0.1754321534920461
691,0.16020243214812924
692,-0.10615892892044448
693,-0.03147942841907561
694,0.01335411443098461
695,0.13037244613154947
696,0.10808925106154835
697,-0.023904663396021382
698,0.08282529625112067
699,-0.013962910632233233
700,-0.012195169199554372
701,0.020563108155470758
702,0.06770015126768154
703,-0.07511382447199583
704,0.021191273860644684
705,-0.06737744351435887
706,0.006034600202038325
707,0.042010267793808447
708,0.10501152461372792
709,0.07524616425176257
710,-0.04556815942211863
711,0.1265935857347092
712,-0.05597008825370681
713,-0.04889562020500471
714,-0.07137442256142804
715,0.013380834861494781
716,0.11650734196215473
717,-0.0785505303840703
718,0.03147351494633621
719,-0.014343708498574713
720,-0.08950404260749018
721,0.027991333631314678
722,0.004973630650839639
723,-0.004918237857190599
724,-0.006385631026576985
725,-0.017658657617550855
726,0.03671832881277629
727,-0.004586412129483082
728,0.001676085006116268
729,-0.028542405282733635
730,-0.029947943280181587
731,-0.016771744430136522
732,0.12953451054214535
733,0.03530540290022052
734,0.04109400786393792
735,-0.017401055688915548
736,0.011557500429461104
737,-0.05893992605372998
738,0.02404469503568554
739,-0.04462146115800876
740,-0.09993882644599035
741,0.03930926313094432
742,-0.09584023202972132
743,-0.005567532646000059
744,-0.1806778897745285
745,-0.037749214152844913
746,-0.024343155583078917
747,-0.08295361804439613
748,-0.07247183104191512
749,-0.04241767956059987
750,0.02896327841818328
751,0.0018469085508781517
752,-0.0010711832417247555
753,0.030391810784768814
754,0.02932260788283976
755,0.02979354614211274
756,0.10433665879312609
757,-0.031437725096752536
758,0.018342942849585313
759,-0.0028094717807014644
760,0.008976587466849453
761,0.03244853147345405
762,0.006507742976102316
763,-0.006844222997609622
764,0.0028540267746362293
765,0.008420765065586004
766,0.01612255001646274
767,-0.006352223926358542
768,-0.030247195618508967
769,0.010209595829754642
770,0.014535343872310924
771,0.08558652488270203
772,0.0090887196540031
773,-0.0057586756045415275
774,0.002968079089858862
775,-0.002422726154468632
776,0.01923801559243245
777,0.0023032374139937634
778,0.053469715911686574
779,-0.00026526146589910503
780,-0.024451658980561182
781,0.022487310533187404
782,0.008519353181327004
783,-0.015285833375546183
784,0.03289390104831758
785,-0.0044441916705335125
786,0.01930753258656106
787,0.00887925498025175
788,-0.016978277551717384
789,0.01810284203558097
790,0.0024772398941196247
791,0.06545756830211605
792,0.012612182446602747
793,-0.00862975051550557
794,0.011534757395743295
795,-0.03514606425705309
796,0.012190835276219747
797,-0.024913814427095456
798,0.009614230485220598
799,-0.11382568702382291
800,0.02587456645101386
801,0.010001609059068835
802,-0.014821984461120728
803,0.03277743780077523
804,0.03547286671543222
805,0.029065546462501188
806,-0.006645627579774729
807,-0.03195498996137759
808,0.003567246672402727
809,0.06820775213983031
810,-0.012348706322813593
811,0.041667045242693095
812,0.005764318771280571
813,0.014930062058452924
814,-0.004389934720297264
815,-0.006713852548782824
816,-0.005751401262861037
817,0.020525335556146017
818,-0.02118909350350239
819,0.012816863676230868
820,0.015800787520927673
821,-0.009865671825553075
822,0.01469787110849248
823,0.0136147775111648
824,-0.010831881962702294
825,0.014502654601933826
826,0.004303516628376136
827,-0.040734423795127615
828,-0.009515891753526642
829,0.04055857247993073
830,-0.044997852602595374
831,-0.04771268281357527
832,0.023714797091707873
833,-0.02589549354316836
834,0.0063207105503422095
835,-0.01043805846180117
836,0.014071933522460089
837,-0.025647311120252772
838,0.0138651383921245
839,0.024028660687418955
840,-0.08158467610448564
841,0.025140590064072217
842,-0.017396475459290305
843,0.014601874541367937
844,0.021546700785176058
845,-0.026553602184678345
846,-0.023269643998796836
847,0.025371989529914513
848,-0.004867282287494036
849,-0.024815519806391732
850,0.02017577952844025
851,-0.009264214507904218
852,-0.03188820161405127
853,0.017590843067809985
854,0.00036249469886966146
855,-0.042353463607468014
856,0.004198137621355024
857,-0.010207351212656958
858,-0.02410933423694944
859,-0.010177322848904536
860,-0.000314819352964818
861,0.006861403493925253
862,0.009351428044349484
863,0.005463794881949813
864,-0.01977619223613403
865,0.0040993877122870205
866,-0.02157770677826057
867,0.01929750823608376
868,-0.0028231709270938148
869,0.01874392795598306
870,-0.006759517514372128
871,-0.026760675539072014
872,0.039465247304826756
873,-0.03392365226635549
874,-0.0444473355050129
875,0.03594754171381948
876,-0.051843515446908295
877,-0.057932338708198944
878,0.0401827000639825
879,-0.11707900063851363
880,0.07500768504461994
881,-0.0010901897634644896
882,0.03926324401990449
883,-0.018412493020131343
884,-0.047887299231762284
885,-0.0021237951983696024
886,-0.022800771752959588
887,0.02884589323217977
888,0.04666856087379714
889,0.013745568272454559
890,0.027384144255733232
891,0.03915698263925191
892,-0.032532686852593376
893,0.0037292826435290586
894,-0.017301469816980025
895,-0.021499143271193767
896,-0.022980785770756042
897,0.024398767606715485
898,0.020771210192132225
899,0.036271502069589165
900,-0.005481506015293911
901,0.016051477516393537
902,-0.05295030065985766
903,0.02481830973857955
904,-0.03736084750645785
905,-0.007859400317479684
906,-0.009249339769223486
907,0.009165521199534931
908,0.009406187415120755
909,-0.004990555849914204
910,0.026076424973473414
911,-0.0025342928413716014
912,-0.025431951006098456
913,0.021675660772757392
914,-0.010786262918979248
915,-0.020983462420691386
916,0.017504999619834462
917,0.04717684396143553
918,-0.006258288720161386
919,0.0025164140766160536
920,-0.002207517115433799
921,0.0013223240368011825
922,-0.003615773549070403
923,-0.010615936849604901
924,-0.06804777142224369
925,0.009957257406319106
926,-0.012020333468161962
927,0.07652105501654267
928,0.011145186493691884
929,-0.009146833670132148
930,0.00817596313177824
931,0.004056107386144203
932,0.01689927979152831
933,0.022865814729344933
934,-0.10010845646681421
935,-0.005376758807652128
936,-0.052035203194173596
937,0.0023544008230951628
938,-0.013229158433063366
939,0.013926899568909232
940,-0.015625708884733268
941,0.019084386420851217
942,-0.0008177278304500775
943,-0.018051431861566082
944,0.0041968206975294565
945,-0.0005552338743670387
946,0.00793952576106468
947,-0.005721930917883995
948,-0.03370725500560787
949,-0.017307789747744436
950,0.05037548827630706
951,-0.019160662347961717
952,0.05810261714631365
953,-0.013639046282157626
954,-0.01651040207379744
955,0.023537525515690206
956,0.014956250729909406
957,-0.006629924132508386
958,0.02931654038825969
959,0.07027713397809186
960,0.061317135811807075
961,0.0461594495089411
962,0.003346733511186086
963,0.019391757782885037
964,0.009332818694749636
965,0.004682418253753994
966,0.07296102454393445
967,-0.018603622652075453
968,-0.08881630445176525
969,0.029098227722562292
970,-0.06021488887115754
971,0.006745057408357574
972,-0.006934252081491377
973,-0.004772776770508319
974,0.0012111975473751936
975,-0.008512103725143163
976,-0.030492114834811873
977,-0.04094931874836762
978,-0.004761303098382859
979,-0.014902245158181705
980,0.028524078288673222
981,-0.0035475049488304343
982,-0.003925420044472558
983,-0.008819841968378669
984,0.01720573014662948
985,-0.008236447971863308
986,4.3302185068452154e-05
987,-0.03815752834616713
988,-0.012068102229302172
989,-0.0403775675718804
990,0.037560414962136704
991,-0.012904712507371331
992,-0.029164108454914017
993,-0.004974157577649975
994,-0.005247203473660174
995,-0.009784456218695232
996,0.0039014639616257517
997,0.018945637414884954
998,-0.012400311132381783
999,0.02366792351530827
1000,-0.010213483358998502
1001,-0.00657196531904531
1002,-0.00792111985939018
1003,0.0029177265382532036
1004,-0.01595034767966483
1005,0.01454181119983196
1006,0.03014954172566638
1007,-0.024388828242414607
1008,-0.011292683231481387
1009,-0.012101394152368168
1010,-0.019412718955545104
1011,0.0029027348185039666
1012,0.030833025854003496
1013,0.0068323476954624904
1014,0.01686652361791756
1015,-0.001890530170257039
1016,-0.00864031306845921
1017,0.010671449709037583
1018,-0.002018842159669477
1019,-0.003179984064262284
1020,-0.012311310005844935
1021,-0.0015088898592020405
1022,-0.004151115170775689
1023,-0.034430205242381884
1024,0.02420566784762482
1025,0.029698048457064738
1026,0.00651106957255747
1027,0.0058320789807971615
1028,-0.015619781207979952
1029,0.014209156472981009
1030,-0.009074000489733603
1031,-0.021947575968038383
1032,-0.0057883593512539425
1033,-0.000353387296931313
1034,0.0012114605659903632
1035,0.01121774738253817
1036,-0.005290243880071149
1037,0.01445494061751062
1038,0.0019292058992707896
1039,-0.02031349897033333
1040,0.014134771231816098
1041,0.012052526496547868
1042,-0.018807369042541815
1043,0.005471736081732168
1044,0.00916913114161819
1045,-0.0007039949732942145
1046,0.020311897924524654
1047,-0.03341192827358213
1048,0.011482237407384632
1049,-0.006008748457420814
1050,-0.025326928440633778
1051,0.01230839395142646
1052,-0.008777888941904495
1053,-0.012439562835378478
1054,-0.00457704009926737
1055,-0.008510001349949767
1056,0.004427986074316466
1057,-0.008817647285912037
1058,-0.005002299730072051
1059,0.01430199986642414
1060,-0.0058375363043680715
1061,0.018480966541770883
1062,-0.00044213818291388013
1063,0.005403486212569308
1064,-0.010839446037495582
1065,-0.003574111645017154
1066,0.00686321768850123
1067,-0.007659411578063951
1068,0.007298954996929275
1069,0.0257177758524806
1070,0.014462642138665122
1071,0.0007050998296353006
1072,0.0163158160779278
1073,0.005042789650802546
1074,0.011839916824620897
1075,0.011429603027508537
1076,0.02954965953528787
1077,0.016495437077129044
1078,-0.05073053422717029
1079,-0.04229824711057071
1080,0.02195592665592704
1081,0.01716516356253757
1082,-0.01095387556869764
1083,0.015157697299715524
1084,0.0350777589688481
1085,0.006820949672411605
1086,-0.04327633807218914
1087,0.05303697045191507
1088,0.06246703351954692
1089,-0.08195737390210342
1090,0.008613242209357119
1091,0.015985036383519762
1092,0.03110356585270605
1093,-0.02562982476623899
1094,0.009437795119711817
1095,-0.00033189554686635474
1096,0.008452359610904238
1097,0.0042308838029272156
1098,-0.024781162974748257
1099,-0.010047231011388161
1100,0.005950400689291275
1101,0.022183379034925305
1102,-0.00564576238005274
1103,-0.017704441579926566
1104,-0.005797347160515433
1105,-0.004864268721511758
1106,-0.0002328756563192147
1107,-0.025246900594748354
1108,-0.013525156129625675
1109,0.03677067739799674
1110,0.013376561995200417
1111,-0.029620554428699177
1112,-0.0038402709271955094
1113,-0.02209252558258925
1114,0.0353165621396405
1115,-0.011047217797596513
1116,-0.003695966296067811
1117,-0.04010136594315198
1118,0.04112533909137711
1119,0.024334883448719834
1120,0.06284410662963422
1121,-0.005154961124127437
1122,-0.0510906453695962
1123,0.1257415193881608
1124,-0.006149084189480156
1125,0.006335433654996302
1126,-0.002382723838094746
1127,0.10980325075065514
1128,0.02889115593310462
1129,-0.06610129773535102
1130,-0.03988685673832293
1131,0.010548177764189426
1132,-0.04251424684048144
1133,0.005198301581814954
1134,0.003509570659402295
1135,0.007811179853764847
1136,0.0004032250158795547
1137,0.021987322539188885
1138,0.0070866644869497725
1139,-0.005267928265133267
1140,-0.011608662118136036
1141,0.019416831173740174
1142,-0.027695480782072356
1143,-0.002186139718043405
1144,0.0060791400878432884
1145,0.0012989894085459319
1146,-0.0067177109642268
1147,0.005214179502233338
1148,0.008930762850395424
1149,-0.007773423948580792
1150,-0.004775525770471055
1151,-0.005889614306232377
1152,0.030623859533191522
1153,0.0012552932354503114
1154,-0.011476319812255959
1155,-0.013568281572063962
1156,-0.009178619665657906
1157,0.01631219711105646
1158,-0.02483972415501996
1159,-0.03367780656329105
1160,0.04151060479215769
1161,-0.03826858863414695
1162,-0.08661087010390023
1163,-0.006555576771722761
1164,-0.008406158371119268
1165,0.01073013952385474
1166,-0.015595757101900424
1167,0.013749557697262861
1168,0.009433232424310985
1169,-0.03798030022315136
1170,-0.013963489054230643
1171,-0.005991104404148472
1172,0.008117007712151271
1173,0.009729907058415697
1174,0.008988439104055258
1175,0.017776047867784056
1176,0.025111728658634397
1177,-0.04097873550772631
1178,0.023286949173126015
1179,0.03857158309791815
1180,-0.0020349661098127696
1181,0.023162194808818995
1182,0.007668275520869694
1183,0.020909159759890827
1184,0.013605569932456539
1185,-0.0035995295393962887
1186,-0.007143784988901774
1187,-0.0037407696521065403
1188,0.02130452586184308
1189,-0.012226508525859955
1190,-0.009677487110935357
1191,-0.0027825911695974763
1192,-0.013109695222439934
1193,-0.0005445850385749525
1194,0.035301078217371995
1195,-0.018192046974846665
1196,-0.013197573519110136
1197,0.026809715130574733
1198,-0.045880541241707616
1199,-0.0901250895439828
1200,-4.723946046797031e-05
1201,0.09158812850650565
1202,0.0559415396555742
1203,0.0012442887318092465
1204,-0.002250596911459077
1205,-0.04730065437954595
1206,-0.015341521071888818
1207,0.017228290060798873
1208,0.007038850759997261
1209,-0.007154841237983607
1210,-0.010038116001071195
1211,-0.006577777496854506
1212,-0.009415371096553807
1213,-0.03231028313744872
1214,0.05233264833333487
1215,-0.05161585526077313
1216,0.04985665377221623
1217,0.007685995142752996
1218,0.028120092870137024
1219,-0.04247283067169684
1220,-0.08171721429748066
1221,-0.01757540953172094
1222,0.006826845254116208
1223,-0.005906488629659914
1224,-0.0034714886494640303
1225,0.0007798642803948401
1226,0.01031740898293792
1227,-0.011920558130941008
1228,0.01457564568728527
1229,-0.013339858115634847
1230,0.016833346122523088
1231,0.008501072327540379
1232,0.0011314490131578278
1233,-0.014296697737816019
1234,-0.0027314244274350887
1235,0.007164139136089478
1236,0.007123450554662135
1237,0.027548881457766586
1238,-0.0027326896382077193
1239,0.0038493624846435773
1240,-0.016612929341379944
1241,-0.002289629990611195
1242,0.01809996556537525
1243,0.08552592837342668
1244,0.003194444832058437
1245,-0.04392391233297793
1246,0.006331665968822
1247,0.014277802388092339
1248,0.014619586760410846
1249,0.04181651978063863
1250,0.014429903423690889
1251,0.04437905770824374
1252,0.060461669375834776
1253,-0.009541323287386789
1254,0.040281319328899425
1255,0.00014150378964147576
1256,-0.0063537634306617425
1257,-0.0019025115168314964
1258,-0.0017516532435531782
1259,0.0017837156584657793
1260,0.002761099223108254
1261,0.006353304229722234
1262,0.005169043253848617
1263,0.030218706403197206
1264,-0.09005787739803198
1265,-0.028741062305390187
1266,0.056790438817766166
1267,0.01328603640242429
1268,-0.028678769512138446
1269,-0.03148487000440308
1270,0.026273610926694668
1271,-0.013381764585337002
1272,-0.047324266731486764
1273,-0.03685833979186984
1274,0.007876429398572147
1275,0.005763757313978282
1276,-0.030169134572054175
1277,0.03701282057572394
1278,-0.004094304800608476
1279,-0.034002262304643
1280,0.02695372501038481
1281,-0.008931026915924116
1282,0.04157942443824556
1283,0.010180767265670708
1284,0.006388239739818575
1285,0.022861536641165976
1286,0.004383775476094344
1287,-0.0031124617574221636
1288,0.004522638305260281
1289,-0.03607242568438951
1290,-0.00970444034692722
1291,0.0007793476113907745
1292,-0.029201095197230086
1293,-0.017638675580528125
1294,-0.021964267864102983
1295,0.005822185108220718
1296,-0.02638543701273153
1297,0.07209464901557364
1298,-0.17970097174160896
1299,0.103168641941902
1300,-0.007994932912030267
1301,0.02666130534608694
1302,-0.005264047853304973
1303,-0.0024914707050087653
1304,0.0019735065661266636
1305,0.006851130496741551
1306,-0.005433529484744271
1307,-0.009330007541834492
1308,0.03119804777629314
1309,0.008344603696109586
1310,0.008098996529779898
1311,0.03299812153329603
1312,0.05324023799895016
1313,0.05094650894901667
1314,0.03196737878052612
1315,0.021705789807675062
1316,-0.07633255173420721
1317,0.10323876308173677
1318,-0.021272246781245036
1319,0.02763796164769182
1320,0.028205764923912448
1321,0.05012545883048075
1322,0.07200899884063768
1323,0.08396698701895788
1324,0.021342317034261146
1325,0.019260149065127997
1326,-0.0034307708802210277
1327,-0.039667533917706665
1328,-0.011984299606138057
1329,-0.0909820817533289
1330,0.015987647429071453
1331,-0.014535553921675782
1332,0.02205936802321934
1333,-0.03994537717298102
1334,0.017292125882175574
1335,-0.004606394560529268
1336,-0.011795168440980849
1337,0.007651580624969077
1338,0.0009132743459864118
1339,-0.0012586807139946716
1340,0.0019282792290816603
1341,-0.0006385521448102455
1342,-0.012320618704756887
1343,-0.00872313806107821
1344,0.01642363286259823
1345,0.02099388241170156
1346,-0.015777344652405104
1347,0.014608572673852856
1348,0.015533011039991843
1349,0.047805978800918886
1350,-0.009814764742113347
1351,0.03845284208336628
1352,-0.01728647427174323
1353,0.009093428327725007
1354,0.04552022044255496
1355,-0.034647343386074836
1356,0.003064923816850185
1357,0.004669497157290558
1358,-0.001488711043158814
1359,0.004941243288626715
1360,-0.0012408361352087734
1361,0.012708488560058982
1362,-0.0017760338788801269
1363,-0.00860015435362172
1364,-0.0009053685502227291
1365,0.00847477729963205
1366,-0.0016823117877839524
1367,-0.008506619835453994
1368,-0.0008262334495334394
1369,-0.02552347281470506
1370,0.021785929884605364
1371,-0.0266412213142269
1372,-0.054592558434164495
1373,0.011458095773006827
1374,0.07575963660508209
1375,0.0019698416912883186
1376,-0.003658316432732263
1377,0.0003281248883691126
1378,0.010214475342765247
1379,-0.006157045264455199
1380,0.01910645271998505
1381,0.013064867383640148
1382,0.05011879444457712
1383,0.024398143279345422
1384,0.018528578238531396
1385,0.014254360507155612
1386,0.007895098922562847
1387,0.01226767218242155
1388,0.007512289002964516
1389,-0.0540846919685322
1390,0.01830295889522955
1391,0.06624884277300455
1392,0.04851140220284034
1393,0.11169212098577036
1394,-0.0033504933080566734
1395,-0.0664076476742603
1396,0.034641104599081554
1397,-0.07385134693802746
1398,0.025861660809173
1399,-0.03495088304323601
1400,0.03373377628145148
1401,-0.01572310301719194
1402,0.035902441100114216
1403,-0.015564046254522377
1404,-0.0037615739472783346
1405,0.007979604021394422
1406,-0.008653284034377231
1407,-0.008550450336906254
1408,-0.00965864513907115
1409,0.05560716915596563
1410,-0.07193109869567436
1411,0.05355795348100486
1412,0.03501554480272706
1413,0.056506617064539404
1414,0.000744300227762713
1415,0.020694778758938666
1416,0.023846345272949716
1417,0.01167651595993993
1418,0.010162472363098992
1419,-0.0035443686258973994
1420,0.007845900948087105
1421,0.005471917982175352
1422,0.0028629548438451474
1423,-0.0032882741766018272
1424,0.0081600856590724
1425,0.01938539654131975
1426,0.005371993649070407
1427,0.013316624335541809
1428,0.0033452376127730858
1429,-0.0079305116784529
1430,-0.01485019153540304
1431,0.005110042056577755
1432,-0.000650305836017919
1433,0.04045317985974016
1434,-0.0856604486638326
1435,-0.04423239497874693
1436,0.051877047889601166
1437,0.07190291583258387
1438,0.0033534725923540266
1439,-0.015398027549693351
1440,-0.012001981767856934
1441,0.006419792227746107
1442,-0.021204606172631323
1443,-0.01717068989182753
1444,-0.0007557170199640403
1445,0.08685259441987397
1446,-0.00015539276577858363
1447,-0.07915930461910847
1448,0.035519431146949165
1449,-0.0005987192237644698
1450,-0.005151906668666105
1451,0.008250314948119319
1452,-0.008439243039148968
1453,-0.026005123266809156
1454,0.01173632680927635
1455,0.0068563708124602185
1456,-0.03532453366706255
1457,-0.033395712820528944
1458,0.012226159215666586
1459,0.003323506358216298
1460,0.006145373153893421
1461,-0.008224636267876891
1462,0.0076394327693781235
1463,0.022233906338578094
1464,-0.07970994248086133
1465,0.051245625285350094
1466,0.0031267862242126826
1467,0.05087502540784958
1468,0.01989355343691116
1469,-0.017828246467267134
1470,0.012011560699759834
1471,0.010491999392546903
1472,-0.017752083378566243
1473,-0.03175154634682448
1474,0.016393805201283397
1475,0.028495107935557117
1476,-0.030949210551187156
1477,0.11481650827513701
1478,0.023404172918398008
1479,-0.012702953895567567
1480,0.008748390403776072
1481,-0.02065743145348771
1482,0.009903432616265334
1483,-0.094811913858708
1484,0.0859127151609835
1485,0.015556359813402768
1486,-0.00022415656899383782
1487,-0.027811205300211857
1488,0.04218780770052597
1489,-0.005275296965494124
1490,-0.005918431131098367
1491,0.005017521282373871
1492,0.03052604307711739
1493,-0.011036842833609811
1494,-0.0321069033609735
1495,-0.022060783698007198
1496,0.02888237704110461
1497,-0.053464997070061776
1498,0.05006084897171902
1499,-0.02102862173338991
1500,-0.009608396429356639
1501,0.025505447153674397
1502,0.1163569759489902
1503,-0.1035762829657732
1504,0.1760933322415349
1505,-0.07781304133092712
1506,0.10289764362367347
1507,0.005771744173738918
1508,-0.06841008331157178
1509,-0.046845904095912404
1510,-0.005951739221308969
1511,-0.004534932431455606
1512,-0.024358667128990003
1513,0.006457390293401409
1514,0.005537351764893383
1515,-0.025868364350430145
1516,0.018587048948319976
1517,-0.023926691955251364
1518,-0.06877347372845333
1519,0.051743632811956486
1520,-0.06249138474316904
1521,0.09610128009839564
1522,-0.014257985564923147
1523,0.03437258657529436
1524,-0.006471134582004108
1525,-0.041354859292402846
1526,-0.07845239704472437
1527,0.04488963330241873
1528,0.012669289925873652
1529,-0.049469756925461926
1530,0.02819401181112183
1531,0.013894086822650677
1532,0.0037433803283598768
1533,-0.0038525036923460943
1534,-0.003102415415944644
1535,-0.002091011772196968
1536,0.007443978794274742
1537,-0.007537761028122042
1538,0.020749951417119647
1539,0.04884100118010483
1540,-0.0023979155205193833
1541,-0.06426388092140548
1542,-0.05494859783269215
1543,0.05336321526368427
1544,0.04219337047344047
1545,-0.04353620361218001
1546,-0.010713023144240337
1547,0.04966050334244306
1548,-0.029335401395738994
1549,0.06115003029035447
1550,-0.02572817631896596
1551,-0.001929010434700465
1552,0.03119561013491283
1553,-0.037802689052669924
1554,0.01806913021828139
1555,-0.0480065667832726
1556,-0.03019744813006503
1557,0.01504612023177817
1558,-0.022837910365866177
1559,0.011410671692447461
1560,-0.012623978694436856
1561,0.050629085409439535
1562,-0.019961413441204102
1563,0.08184119999692585
1564,0.07796207700806958
1565,0.014099850574066784
1566,0.07095766828581064
1567,0.05730292766022243
1568,0.0772130330112496
1569,0.004799255823290084
1570,-0.04800328933992137
1571,-0.12457114609108907
1572,0.005353603657287886
1573,-0.015704749955211473
1574,-0.04249859842047496
1575,0.017021024697957743
1576,0.021034076588061088
1577,0.0019443008252406826
1578,0.02187228591175296
1579,-0.032394276342626566
1580,-0.05272080774738432
1581,-0.004730867516383595
1582,-0.018902411372319433
1583,0.05227428002475673
1584,0.03450471662404178
1585,0.004447521338946516
1586,-0.022629417468289812
1587,-0.012985129958705153
1588,-0.011495763050972309
1589,0.006132589537643188
1590,0.01392333219993751
1591,-0.025000185832489644
1592,0.00838880692241641
1593,0.001593598050355902
1594,-0.0068524072930134135
1595,-0.0012132461762420553
1596,-0.001485307161153231
1597,0.04114299067577922
1598,-0.0005618176493665875
1599,-0.03383225459745351
1600,0.026270246394432564
1601,0.02812000680308415
1602,0.0034391988714262446
1603,-0.013786744577883227
1604,0.015637324966982565
1605,0.002152392790153673
1606,-0.007632129514235752
1607,-0.006355328160613911
1608,-0.014884773017658724
1609,0.0071987335992412405
1610,-0.0034928042220477244
1611,-0.004054759079174722
1612,0.0009106117620198988
1613,0.006939933330388237
1614,-0.0008480000752351741
1615,-0.01219854346127613
1616,-0.06256353587976318
1617,-0.010080268231153272
1618,-0.06201779326924976
1619,-0.005008024557525921
1620,0.00286246497293102
1621,-0.0033325708264918055
1622,-0.009417798931822438
1623,0.013515830775399487
1624,-0.010881596289869877
1625,-0.002359326922377621
1626,0.0010965515625825338
1627,0.02397612227413883
1628,-0.009406146834670061
1629,-0.019778740960598267
1630,1.5821014709808173e-05
1631,-0.001701149759822748
1632,-0.03939167235257336
1633,0.02942385239301033
1634,-0.014456289301897633
1635,0.001933969151998843
1636,-0.018575327454882343
1637,0.00018114347945783664
1638,-0.023282095536333536
1639,0.011923361521351402
1640,0.03863285551441517
1641,0.0470125992435792
1642,0.0006970974429797577
1643,0.0496777885186581
1644,0.0432611145564506
1645,0.06770613662666042
1646,0.04497688251852833
1647,-0.0020636521226614826
1648,0.03137739258181849
1649,0.04558615166276139
1650,-0.016926948123196856
1651,-0.012503099264861036
1652,0.015338783774563533
1653,0.017625569282986836
1654,-0.010443808886664631
1655,-0.02377860957604169
1656,0.01005354734037471
1657,-0.01830692224195948
1658,0.040227098805185296
1659,0.028804956346102976
1660,-0.06174537038523012
1661,0.03403830976576613
1662,-0.08379676555802185
1663,-0.025158740568167748
1664,-0.10718073770269014
1665,-0.012379687287714594
1666,0.01880127463723296
1667,-0.015571584649395285
1668,-0.004038519800992762
1669,-0.018796795649906276
1670,-0.13901920043093027
1671,0.005416394222806736
1672,-0.06212510403750993
1673,0.10200679803209683
1674,-0.16359689391681806
1675,-0.09741295281888232
1676,-0.18865238180633553
1677,0.000556548339733301
1678,0.07120586585061352
1679,-0.05700015395152583
1680,0.017270378611090098
1681,0.1335958869058057
1682,-0.013545171936729484
1683,0.016314443014099414
1684,-0.012432436661973894
1685,0.011076444686724076
1686,0.010155455960553169
1687,0.025227652294794914
1688,-0.030498178438527715
1689,-0.04338477746725271
1690,0.09034640544499654
1691,0.011944338867979624
1692,-0.12594905081412647
1693,0.11043394462444461
1694,-0.0021910213750742074
1695,-0.04637846539788251
1696,-0.01853829545879307
1697,0.003441243326462979
1698,-0.0018637630938417248
1699,0.07055519594797462
1700,0.01324506071656209
1701,-0.20290935508813068
1702,0.049971368296064536
1703,-0.09546182427519842
1704,-0.010917820063142958
1705,-0.0045014701051017385
1706,-0.028849190118401806
1707,-0.011198606035380473
1708,0.02101568851865103
1709,0.005098335994576703
1710,-0.0010825252152473971
1711,-0.012305777937109422
1712,-0.00412680216746277
1713,0.05044401354337516
1714,0.08684201161991821
1715,0.042606067483117765
1716,0.029983160712594492
1717,0.08977082523082267
1718,-0.00606999991905839
1719,-0.017626329975700444
1720,-0.016237532895302886
1721,-0.08581606657059676
1722,0.024777544991330953
1723,0.02604194975726855
1724,-0.050479202508315564
1725,-0.0434286913494982
1726,-0.007270131109862053
1727,0.0050293591675245886
1728,-0.01758920794777602
1729,0.00536745066742586
1730,0.0008652710078765335
1731,-0.01730777867690993
1732,0.014032397858095486
1733,0.027555307547978497
1734,0.0007234730661190847
1735,-0.04746243426516286
1736,0.03149133766375009
1737,-0.07856944863080036
1738,-0.026516976068845864
1739,-0.021030492876443378
1740,-0.02033281863526462
1741,0.04148236380456416
1742,0.05098722452840335
1743,-0.12868762674616202
1744,-0.11314287644060789
1745,0.03162481585163643
1746,0.0636950110700504
1747,-0.08523944964511637
1748,-0.023426710972792513
1749,0.008978297220100327
1750,0.018386342629111957
1751,0.025468889774572193
1752,0.009927015602427489
1753,0.0051944585953771355
1754,0.047035951221599315
1755,-0.01649644560264066
1756,-0.05571319980906094
1757,-0.010805399320854357
1758,0.012086796954697688
1759,0.00176428577557399
1760,-0.014517697483902898
1761,0.037314142613995856
1762,0.013341322808087086
1763,-0.0810051964200234
1764,-0.10483452122359706
1765,-0.036677905788670924
1766,-0.010885696428875796
1767,0.11367760352764764
1768,-0.0008359176859982081
1769,-0.0032857233011576864
1770,-0.034648820868442176
1771,0.06563641315900443
1772,0.10856532634903251
1773,-0.09154454820714314
1774,0.030357282026028977
1775,0.11137122079013176
1776,-0.1472513971048735
1777,0.05491868313717675
1778,0.020172740514578583
1779,0.08644288118500842
1780,0.054922259530019696
1781,-0.0017335994485546086
1782,-0.04182020898953981
1783,-0.005545027096032454
1784,0.01659739563640631
1785,-0.04672912129911365
1786,-0.02775415009983619
1787,0.02106086639695865
1788,0.01579986674946312
1789,-0.058113922902092593
1790,0.1093846415391159
1791,-0.023285006853189044
1792,0.1502692261937691
1793,-0.11697842059160127
1794,-0.04624743708419904
1795,-0.0073414284435822375
1796,0.013527503870632715
1797,0.04978602348701375
1798,0.07222594827328468
1799,-0.06078336876464961
1800,0.1189913803303884
1801,0.014332644722830329
1802,0.0351804720858048
1803,0.09663590828197277
1804,-0.08341737478150965
1805,-0.11016992105380241
1806,0.09299324295206897
1807,-0.035912490899057264
1808,0.01727198268717335
1809,0.03441720021562819
1810,0.0006107985526084634
1811,-0.043224953389440074
1812,-0.012685958174104308
1813,0.03534099011869189
1814,-0.001465565875889559
1815,0.0026247517982754117
1816,0.01506006926459627
1817,-0.04214717256739433
1818,-0.010175421025452751
1819,-0.006722589732027702
1820,0.025720437661274666
1821,-0.02070265425958407
1822,0.009588078332099252
1823,-0.017487166361113676
1824,-0.0031139813490449024
1825,0.0009714441741792545
1826,0.048375836571536684
1827,-0.003258161986089044
1828,0.14258691178723232
1829,0.13725920949313583
1830,0.09778531910417987
1831,-0.049422206073481925
1832,-0.024743524796682796
1833,-0.012412475434225384
1834,-0.04649693275967109
1835,0.06141074226551752
1836,-0.031052137951224412
1837,-0.013161720217839889
1838,-0.04700791041825929
1839,0.04034263294396534
1840,-0.043062182509610136
1841,-0.04556772769019507
1842,-0.12880568051967026
1843,0.009296367612023182
1844,0.01884757820868771
1845,-0.025713971419166797
1846,-0.019779243842972524
1847,-0.007028268164448494
1848,-0.005658791500539733
1849,-0.09456470544369369
1850,0.053674980445726994
1851,0.05812050953241994
1852,-0.009831841141851054
1853,0.00024738110830724996
1854,-0.025377510872348706
1855,-0.06801420764007969
1856,0.10497695626689069
1857,-0.039971323710845774
1858,0.029679517816351586
1859,0.016533797441308937
1860,0.003999916350187392
1861,0.005531951344304682
1862,-0.038639137336358806
1863,0.03578482250340163
1864,0.017716100783959757
1865,-0.01004966916665773
1866,-0.008719703177021632
1867,-0.07842847457741767
1868,0.024165742964762607
1869,-0.04936528287134083
1870,-0.037141815904695105
1871,0.01364552033090145
1872,-0.026838253423515847
1873,-0.01596721024670953
1874,-0.009879305248617666
1875,0.005644971095777988
1876,0.019076969988868448
1877,0.028833853539507414
1878,-0.0015945156469672102
1879,-0.022068670854973244
1880,-0.012101909116190863
1881,0.014003328026855178
1882,-0.15424626335835645
1883,-0.07324993859915206
1884,0.0653475447678113
1885,0.03210795269788464
1886,0.02145900018386835
1887,-0.019194338951004142
1888,0.046225896394833245
1889,0.013360898180168706
1890,0.001149935287324863
1891,0.005480415338066442
1892,-0.0026822988931650515
1893,0.008028994919242891
1894,-0.01116792217155975
1895,-0.0006205477535405378
1896,-0.013182358443032253
1897,-0.0011482125828155428
1898,-0.026772718052706063
1899,-0.005292178357394744
1900,0.001190945859190068
1901,0.016726154019718234
1902,-0.004928181855166039
1903,0.007552136519797618
1904,-0.01370986925877474
1905,0.002060449912276549
1906,-0.017655507716408697
1907,0.07429441809893536
1908,-0.03389242717196538
1909,-0.03960665769322381
1910,-0.02320123383070944
1911,-0.0011369584319437882
1912,0.0014593597520283115
1913,0.0006991056019868668
1914,-0.009605510727963774
1915,0.002851740248813907
1916,0.0072524331850777925
1917,-0.02048894724552533
1918,-0.02654512617618188
1919,0.013256654711521487
1920,-0.004731492957689437
1921,-0.003471748968311229
1922,0.05236465609924142
1923,0.014624173689699364
1924,-0.007751940676916014
1925,-0.011900144939371651
1926,-0.008903836393513762
1927,-0.013169835810690447
1928,0.017892384789382605
1929,0.04669302185084089
1930,0.03309666084970395
1931,-0.07529458009409924
1932,-0.021289441728705574
1933,0.035626663912407916
1934,-0.02591377861699504
1935,-0.025446098743854468
1936,0.009840004852417188
1937,-0.031059839182130962
1938,0.0006367390935831997
1939,0.0180300472508211
1940,0.04523029764048944
1941,-0.01610499366895308
1942,-0.020720338782959924
1943,-0.055210462088572734
1944,-0.02118362346039252
1945,-0.012254206004105164
1946,-0.0009998085960204912
1947,-0.008883839263089194
1948,-0.0036963973719914955
1949,-0.009868348071019587
1950,0.013604422924378131
1951,-0.06148689246224626
1952,0.07588320371215711
1953,-0.0281816501225695
1954,-0.01006156647830645
1955,-0.004297926240664742
1956,0.00390860746254371
1957,-0.021691986512554263
1958,-0.015514944918133104
1959,0.0065524270567061255
1960,0.056670214313411
1961,-0.00012246225159293338
1962,-0.0529692428173823
1963,0.002302656384634401
1964,-0.021747297779010764
1965,-0.012445311497809787
1966,0.01667474632628637
1967,-0.009405297333718431
1968,0.018602699681355975
1969,-0.06443134404042516
1970,0.002669903083849972
1971,-0.0264862234062177
1972,0.018343630273183302
1973,-0.004798101248661052
1974,-0.020849043716391874
1975,0.008263385347834351
1976,-0.005459509187502263
1977,-0.005789336084674196
1978,0.04920800956094334
1979,0.01787494215625055
1980,-0.1441841778425879
1981,0.05310865777798278
1982,0.11317595926326113
1983,-0.08708582663478634
1984,-0.08464920558855177
1985,0.0359301683114193
1986,0.1034492663337584
1987,-0.03369689126119074
1988,-0.01814512543604651
1989,0.04712097763063533
1990,-0.0014759593641447966
1991,0.06580997008510216
1992,-0.048366445046119234
1993,0.03942047454396924
1994,-0.05334235346869755
1995,0.008657771692688249
1996,-0.025314972487181578
1997,0.12471712367465018
1998,-0.031553088331729304
1999,-0.0067698658288975555
2000,0.01625468759773574
2001,0.005788822636776911
2002,-0.017452561077361588
2003,-0.01564475054442349
2004,0.018194663518187264
2005,0.02487498622789732
2006,-0.004965939537803676
2007,-0.02145576631604641
2008,-0.02870182056052629
2009,0.006324459656983677
2010,0.01396596042803198
2011,-0.013577158925560613
2012,0.00419199521846845
2013,0.022830795636234028
2014,-0.051426107842396346
2015,0.04041218636338741
2016,-0.00629253684813412
2017,0.03179601525857277
2018,-0.0011014799926751008
2019,-0.021470589396848615
2020,-0.03733784632420589
2021,0.003984718323793155
2022,0.018180946658996923
2023,-0.07114678726588167
2024,0.005756408589178134
2025,-0.059398555722006204
2026,0.008397123278267783
2027,-0.013521736275136408
2028,0.0013266774912777772
2029,0.007020701036439512
2030,-0.010110232082598085
2031,-0.0007826813800597878
2032,-0.013839525262588446
2033,0.03794466123443119
2034,0.006613327952813422
2035,0.0008995462508111679
2036,0.02084551391176572
2037,0.022311100739729292
2038,-0.0030272821342514854
2039,-0.019278528243864286
2040,0.02329676847562251
2041,-0.03025356276732465
2042,-0.006659218185774531
2043,0.002265907428294419
2044,-0.013364158823771833
2045,0.0197322165845474
2046,-0.03192085294322056
2047,0.06111591430719666
2048,-0.021918766042997737
2049,0.039302142150033775
2050,0.0031995692863581657
2051,0.006875525981822584
2052,0.007574169459840017
2053,0.00536684739238303
2054,-0.01784683535103278
2055,0.00599869746769742
2056,-0.0010790977691508916
2057,0.012440911507458035
2058,0.026327555610814863
2059,0.005278278968364391
2060,0.0550257826794536
2061,-0.007250075271472433
2062,0.025021729751586487
2063,-0.06356055109918124
2064,0.04308022932378158
2065,0.0008651167765581071
2066,-0.006919542608166669
2067,-0.003107316045440515
2068,0.0032732115816780927
2069,-0.0033170459435104905
2070,-0.02376197102691284
2071,-0.013740403701129007
2072,0.016990759270622872
2073,-0.034747191506087266
2074,-0.002792963119680197
2075,-0.012026574364513806
2076,0.05524916647946368
2077,0.010188021912030736
2078,0.03424563344875581
2079,-0.04284851610538077
2080,-0.004599540946404579
2081,0.015171251635915112
2082,0.03601716989833208
2083,-0.023907154358027254
2084,-0.01149431333973084
2085,-0.015740256357138604
2086,0.009302831312949771
2087,0.05147705859670286
2088,0.027576589639546144
2089,0.03830541207366541
2090,0.03365030038673816
2091,0.0200437134250004
2092,0.03712401896296044
2093,0.0389754116219684
2094,-0.02078637046836164
2095,0.06587537520488138
2096,0.06653098318464451
2097,0.06454740615908847
2098,0.13471156589957078
2099,0.03377840731553483
2100,0.030623082868339056
2101,-0.012860870256094357
2102,0.019002475643010254
2103,0.009407730848879288
2104,-0.003451635042211767
2105,0.005935934508970017
2106,-0.00527083077550411
2107,-0.049724481699474674
2108,-0.06809008090610368
2109,0.009785649253819202
2110,-0.011013809657599766
2111,0.017005963881198564
2112,0.013582268097837434
2113,0.030133184531611415
2114,-0.013597676840725041
2115,0.05894373326475377
2116,0.029656950979942157
2117,-0.016842701971842955
2118,-0.015767377348816503
2119,0.002593539482713828
2120,0.006581767267942242
2121,-0.001624321246854057
2122,-7.047317757426027e-05
2123,0.045419708991873406
2124,-0.018890599809953147
2125,0.019875905512726066
2126,0.019979815164745514
2127,-0.028617900805894596
2128,-0.005434935081385478
2129,0.02467950345029942
2130,-0.01609716346043414
2131,0.006210427450584572
2132,0.010488395354318591
2133,-0.017714210577675308
2134,-0.00019009060909227354
2135,-0.05504143432154031
2136,0.014455893587223084
2137,-0.04913353286690781
2138,0.06713082859771513
2139,0.0480544724119166
2140,-0.02764982639849923
2141,-0.009215572660269122
2142,0.07544286545049975
2143,-0.030699805198641954
2144,-0.03966959942446452
2145,-0.0016622247765747875
2146,-0.006308361615426768
2147,-0.014147097479815874
2148,0.022086305703261012
2149,0.00849869202630086
2150,-0.03639750505486819
2151,0.029386098874883727
2152,-0.010775913324725914
2153,0.01302620586619327
2154,0.014301918990596418
2155,-0.007248797569573475
2156,-0.01449185796796327
2157,-0.009587314839512317
2158,-0.080629437557503
2159,0.0493644049658291
2160,-0.04044390438045659
2161,0.022865542159201235
2162,0.012661810431706264
2163,0.016989263656534984
2164,0.016701261502394378
2165,-0.008436094081107657
2166,0.009900263533709833
2167,-0.009882888697374435
2168,0.03056353374216644
2169,0.015068847144045838
2170,0.01796869853306231
2171,-0.01973052140594706
2172,-0.08795659688169108
2173,0.03742062974253611
2174,-0.0017853323578172695
2175,-0.04786812604108183
2176,-0.0414624371805004
2177,0.012675255687387144
2178,0.01818080579407759
2179,-0.013290413974543759
2180,0.00044350108014031735
2181,0.03197530290756344
2182,0.048319305421561425
2183,0.08664938206772015
2184,0.06201446553417864
2185,-0.0042314070537781134
2186,-0.012546272563642952
2187,-0.026395378091940182
2188,-0.011072317459779633
2189,-0.00970865761468952
2190,-0.001292318339041694
2191,0.008343491929382291
2192,-0.006536908611551024
2193,0.0030245037467862617
2194,0.002533719163768041
2195,-0.005248428959386932
2196,0.0024712236063978345
2197,-0.020546113551856208
2198,0.012972613801510813
2199,-0.008407752564638587
2200,0.0021344302078595808
2201,0.006053004785999309
2202,0.02170162101790598
2203,0.015707797787521464
2204,-0.00239384163934745
2205,-0.0011720428889036647
2206,0.05697123070084926
2207,0.018908214298211747
2208,-0.09016528116011217
2209,-0.020402944266074842
2210,0.03624460537368039
2211,-0.0075007436862984354
2212,0.015057301613020659
2213,-0.0033911575148908935
2214,0.014513145919468319
2215,0.029003912978653373
2216,0.031337181492747154
2217,0.0041182169932748765
2218,-0.03707064129796486
2219,-0.03252268163009299
2220,0.02523802968380586
2221,0.015020596191293697
2222,0.020883914687831205
2223,0.007407489132278156
2224,0.005412728621649522
2225,0.0030200899417551713
2226,0.009390917780848777
2227,-0.10472757535792075
2228,0.05988429840364852
2229,0.011264451988069052
2230,-0.024848651699104794
2231,0.0011805686777998313
2232,0.004060015249827023
2233,0.0013615334445735328
2234,-0.004754527683818578
2235,0.022368194196678008
2236,0.0062984052865981965
2237,0.00025301115210742825
2238,0.0024876937065183777
2239,0.03169529863675255
2240,0.018050659208644845
2241,-0.003228943943778292
2242,-0.0030464854368441605
2243,0.007283455726127258
2244,0.02727619554047432
2245,-0.034443435482151584
2246,-0.039468055668538796
2247,-0.014356683986389635
2248,0.007643181219398921
2249,0.044252245156869784
2250,0.010201873197682149
2251,-0.0066140621682063035
2252,-0.02173970027981363
2253,0.01966275521826507
2254,-0.0076013951488412305
2255,0.029857289639354544
2256,-0.009825296544728954
2257,-0.05642742697619231
2258,-0.025015538278852972
2259,0.0038842043819431855
2260,0.028926318416723183
2261,-0.053399111840350656
2262,0.013952786448641664
2263,-0.02581236382192927
2264,-0.023765951103697586
2265,-0.0007946406523536634
2266,0.009003084416397463
2267,0.011633232653156349
2268,-0.008493833815707293
2269,-0.008328988793185114
2270,0.011177157899951263
2271,0.010884389258316227
2272,0.004724506958101907
2273,-0.02085294572230136
2274,-0.07385536376779783
2275,0.033954844187979116
2276,-0.00778278982366359
2277,0.01180517128017585
2278,0.030148086809565433
2279,0.04122115344512439
2280,-0.10089628227844673
2281,-0.007527548481275635
2282,0.01587951855315343
2283,0.018691299533574287
2284,-0.02717376888879924
2285,-0.03104248346909367
2286,-0.022400506504904907
2287,-0.0233761811268665
2288,-0.03665986501531818
2289,0.002926138514501476
2290,-0.018740603712180875
2291,-0.027640367679869347
2292,0.08990726548205641
2293,0.1016455988755083
2294,-0.010518474774790119
2295,0.0069923074932169045
2296,0.0464843268251248
2297,-0.008556634936288894
2298,-0.0052963137936247115
2299,0.021608757114201647
2300,0.06423110895293693
2301,0.04092092421175825
2302,0.04608280147801052
2303,0.00485273425427421
2304,0.06401789393825835
2305,-0.06096425944383838
2306,0.020690527906305448
2307,0.024098382794395044
2308,-0.0006781139355166652
2309,-0.023822016356273824
2310,-0.050695671832617716
2311,0.013676448610311484
2312,0.0017341101391106966
2313,-0.007920327368241824
2314,-6.678931161385569e-05
2315,-0.005904688524700437
2316,0.0001679839115837265
2317,-0.015982155021599213
2318,0.00013916600477573962
2319,0.02066306842863668
2320,-0.02002036956198646
2321,-0.04792111160551303
2322,0.03763414433761544
2323,-0.028155838656777878
2324,0.014677587612944824
2325,0.0226885536355187
2326,-0.016138902227800015
2327,0.016886600118862772
2328,0.002192604305858839
2329,0.009234616331045954
2330,0.0129720217047306
2331,0.007179919429469394
2332,-0.10132957071622874
2333,-0.10062957855305457
2334,0.005630787330512297
2335,0.022560137920771772
2336,0.09850556974005478
2337,-0.017011900788934442
2338,-0.06887777526671292
2339,0.025687087307347835
2340,-0.03584614265860109
2341,0.011454096043351278
2342,0.025668123329017675
2343,0.04192439670718705
2344,-0.031600228193490384
2345,0.005868932004266532
2346,0.018796704968239472
2347,0.0599227056425025
2348,-0.007645437091094269
2349,0.05451709119823122
2350,0.0032365918292223657
2351,-0.0055147208699281025
2352,0.0015895544826206801
2353,0.01061026708599598
2354,0.0204062609672275
2355,0.00929844305371247
2356,0.0034917384991541996
2357,-0.02522562808810236
2358,0.0005270371866388226
2359,0.007912609959265616
2360,0.020679586962076568
2361,-0.029676972045071935
2362,-0.0246991288613129
2363,0.0020389855568050414
2364,0.05207262316321134
2365,0.0008489871339604233
2366,-0.01985951722254698
2367,-0.0001052483302433696
2368,-0.0013040669966520929
2369,-0.052237869472884044
2370,-0.01435555151647366
2371,-0.03548086658370939
2372,-0.05180093607145114
2373,-0.044098978703627854
2374,-0.05901972725974504
2375,0.038688803823228354
2376,-0.047060645862893255
2377,0.013056922003901015
2378,-0.013957598080181058
2379,-0.019963195068614752
2380,-0.002599699783883893
2381,-0.017622994631547494
2382,0.00888597860832116
2383,-0.003949376701411362
2384,-0.0001586985440413958
2385,0.013400308440745173
2386,0.005560659570609753
2387,-0.009234227569285228
2388,0.023800937856713715
2389,-0.012507099722982442
2390,0.008179002971620795
2391,0.011013878569461798
2392,0.009941501263515944
2393,0.009685671022402966
2394,0.011982320473000081
2395,0.0066028622470530405
2396,0.009790463231624753
2397,0.012473849897488768
2398,-0.004474104867195116
2399,-0.10801564759833455
2400,0.03413487353089911
2401,0.01610709692240727
2402,-0.008105926112690818
2403,0.03215264412522382
2404,-0.03365699670482457
2405,0.019667004132775327
2406,0.022153840048882156
2407,-0.005302532413731258
2408,-0.031132730136019443
2409,0.034788830085339374
2410,-0.01066881305898959
2411,-0.06340402402580231
2412,0.045906714561862696
2413,0.01683792375060324
2414,-0.0031283683562092907
2415,-0.0011270939593019873
2416,-0.001110154717359338
2417,-0.0015822491553625518
2418,-0.00589852544806755
2419,0.009070331277078809
2420,0.01224691489078127
2421,0.0005051892349941176
2422,-0.004654556584776725
2423,-0.012439127496956968
2424,-0.001138406274050862
2425,-0.019235286797778896
2426,0.007181651044165687
2427,-0.010852771707824328
2428,-0.005749276006641461
2429,0.009089170029703905
2430,-0.000749961516608718
2431,0.00572962291124484
2432,-0.021093988540142047
2433,0.025880538745846646
2434,-0.07528292983992371
2435,0.015314180969494608
2436,0.005958860144832384
2437,-0.04110458003735334
2438,0.037612047986597764
2439,0.02792919805740024
2440,-0.034044449815168375
2441,0.042851042508944816
2442,-0.0024012613159608617
2443,-0.09907305007956863
2444,0.02490778221083174
2445,-0.039720872889936164
2446,0.05673859755460933
2447,-0.05149215208166423
2448,0.002408827008050146
2449,-0.007256142451597466
2450,0.0028606641659700074
2451,0.01839759574446498
2452,-0.02749690428951034
2453,-0.05136182165969526
2454,-0.06905067558750297
2455,-0.06917209946123873
2456,-0.01830848247874878
2457,-0.011478578887252596
2458,0.02766708500164031
2459,0.002687042127328009
2460,-0.035633804687676005
2461,-0.032082291031048045
2462,0.05235741284729964
2463,-0.06099771984773105
2464,0.14933752946723816
2465,0.03396895997686332
2466,-0.02254219981504374
2467,-0.06457791386267439
2468,-1.1912736160593629e-05
2469,0.00784432504592482
2470,-0.1553754812355203
2471,0.1293244854696122
2472,0.15203780137700004
2473,-0.018519839294263814
2474,-0.032810246567241214
2475,-0.12286314365326434
2476,-0.07115594676186124
2477,-0.001879024090060281
2478,-0.008344542162987093
2479,0.0008777983949526521
2480,0.016174640962597527
2481,-0.011225128729781106
2482,-0.0455138838299146
2483,-0.02986047974299108
2484,0.14935088436529154
2485,-0.13192274505634635
2486,0.03842212889979647
2487,-0.07729353360929819
2488,-0.022692472807168337
2489,0.0327558771006129
2490,-0.03813923543326017
2491,-0.11295949414508923
2492,-0.0984270490285761
2493,0.029369827223516914
2494,-0.09235875799436068
2495,0.05867783702094707
2496,-0.06256660058109187
2497,0.07095608443253314
2498,0.13272548932428907
2499,-0.07078450876350975
2500,0.033878710780010785
2501,-0.029701085816331095
2502,0.0020758649062717037
2503,-0.00043631733295261543
2504,0.0603006690328528
2505,-0.0017431401940624335
2506,-0.015310198368945873
2507,0.0091259811200194
2508,-0.013999531404793378
2509,-0.00617630363901194
2510,0.05375862115267188
2511,0.01856274031382442
2512,0.05419317308532565
2513,-0.09183375573605938
2514,0.021463089155625406
2515,0.05439375276323284
2516,0.16273552939741234
2517,0.08371591611342938
2518,0.030121888563942042
2519,0.030540527757725235
2520,0.006216855395097357
2521,0.02027888401035547
2522,-0.006841028898740166
2523,-0.012638469066721031
2524,0.02243515336530557
2525,-0.00017698357080748323
2526,0.017322169263287227
2527,-0.00335353146227597
2528,-0.016531414529114788
2529,-0.014093158461862453
2530,0.010948670787339992
2531,0.027662803845296034
2532,0.039779020420406166
2533,-0.015674995246916852
2534,-0.010630904727683865
2535,0.03322214980945074
2536,0.004530419272932104
2537,0.05177849800672853
2538,-0.020377260551602196
2539,-0.06965511671896182
2540,-0.04216216740326809
2541,-0.023703493946999426
2542,0.001851632888949007
2543,-0.0470033604779346
2544,0.02461150687868522
2545,-0.025037592905807062
2546,0.0788668438940638
2547,0.0027520314881543297
2548,-0.019658178161857554
2549,-0.0038064127635199386
2550,0.02312712632284044
2551,-0.03817276553776035
2552,-0.013610863047483553
2553,0.022431023674684095
2554,-0.034220544115952045
2555,0.03883807236583291
2556,-0.07397502958598405
2557,0.01658228177593104
2558,0.006367847149121693
2559,-0.02954602719293472
2560,0.050645393412443084
2561,0.000528007075687835
2562,0.01632358670981088
2563,0.003141955857284411
2564,0.00965956292578236
2565,-0.0042953824300354885
2566,-0.0011003907775417304
2567,0.012055157193724665
2568,-0.00230791991666295
2569,-0.009383116423723428
2570,-0.0018238371155094033
2571,-0.04512590520643464
2572,0.00837318541204334
2573,0.016694111623517784
2574,-0.036523519632070484
2575,0.028348400369704603
2576,-0.05744412200393212
2577,0.06158691108336663
2578,-0.02603724946356631
2579,0.04714306767759699
2580,-0.008398467736849755
2581,-0.008993854493071352
2582,-0.0008140977210702085
2583,-0.0015632600164695956
2584,-0.0031296453319310117
2585,0.010370622327059612
2586,-0.09468308662954947
2587,-0.01794439802219621
2588,0.03006958691018994
2589,-0.07936048488127168
2590,-0.01283993244005697
2591,-0.06862388039470735
2592,-0.036636787263729174
2593,-0.014090743270202495
2594,-0.01641224215196224
2595,0.06765341913344694
2596,0.011988639197326418
2597,-0.01643067872543921
2598,0.04036823869587655
2599,0.05629820393029294
2600,-0.00465295723562846
2601,-0.09396149365818413
2602,-0.01406279678166747
2603,-0.06103660429442423
2604,0.00779674091879949
2605,-0.0013641581981631429
2606,-0.1070153438945545
2607,0.056961031862179254
2608,0.05141588437940884
2609,0.08900164394743258
2610,-0.016859193523585756
2611,-0.012779933919640982
2612,0.013357919335323976
2613,-0.018838656914302716
2614,-0.0186192563143485
2615,0.03345075590029787
2616,-0.037731776862731325
2617,-0.0556161514305064
2618,-0.006323914031784953
2619,-0.01312385376639253
2620,0.0003996144360439583
2621,0.017311562299132888
2622,-0.004865828841819015
2623,0.006777224941221345
2624,0.0039654180963621805
2625,0.10814206066516163
2626,0.008640620666680861
2627,0.044821447280425294
2628,-0.08406537325015118
2629,0.036204787151049536
2630,-0.05025256255385151
2631,-0.07675275777967586
2632,-0.008439418764400625
2633,-0.06311917104022564
2634,-0.046875611455576796
2635,-0.03109824860532763
2636,-0.0075125320395117955
2637,-0.009340681077168662
2638,0.036011946732967835
2639,-0.02167786214739054
2640,0.02550150662050331
2641,0.045544215873584926
2642,-0.002144822787390345
2643,0.06485586982506877
2644,0.03329207378713343
2645,-0.03629509339372358
2646,0.01368330292189096
2647,0.02570302251249342
2648,0.00649249414188211
2649,0.057442386790043695
2650,0.04600685700898437
2651,0.0005081513735822312
2652,0.006514327392681187
2653,-0.000761136457356329
2654,0.017834249269836407
2655,0.048143938303044365
2656,0.04213588780479419
2657,-0.002801105847920933
2658,0.004265267769368203
2659,0.0010739175875133017
2660,-0.004188839966051822
2661,-0.010237979936384558
2662,-0.011249591887069097
2663,-0.04212647505659592
2664,-0.0591388812333474
2665,0.04993511262110416
2666,0.04099523579569453
2667,0.012977236042571099
2668,-0.09331872180472552
2669,0.03977239023689133
2670,-0.021087308804932495
2671,-0.028682043379462535
2672,0.06413571269138253
2673,0.018204635726968153
2674,0.0027133297320998144
2675,-0.0037027078398565345
2676,0.019326628659684854
2677,-0.01258515643296846
2678,-0.029830457469800346
2679,-0.006430143571916602
2680,-8.264207949536945e-06
2681,-0.0005177118720145239
2682,0.027138064569440117
2683,0.02417803820579922
2684,-0.018793749326532723
2685,0.014257175071275906
2686,0.03108374679450277
2687,0.03707006526893062
2688,0.04486939051257474
2689,-0.05808099582542692
2690,-0.056720795605342114
2691,-0.09094099679839371
2692,-0.0016581845887861995
2693,-0.034985196169758065
2694,0.01851879772355135
2695,0.0015765011633250454
2696,-0.017419413927951842
2697,0.010469760215836264
2698,0.019221661018467513
2699,-0.00369413051244424
2700,-0.008159939286250924
2701,0.050899604320314165
2702,-0.027207242779846808
2703,0.0735315588144
2704,0.02235179675906863
2705,-0.061988496722394676
2706,-0.01346021518839104
2707,-0.0015717377887969394
2708,-0.0069001741470572754
2709,-0.005270175849473433
2710,0.007844463131182611
2711,0.003904542479940472
2712,0.011114716351350076
2713,0.0015479534382652751
2714,0.003663759190480079
2715,0.0012330809655517975
2716,-0.008034576421503913
2717,-0.005479069357322856
2718,0.0015194605944284082
2719,0.00016108733202068208
2720,0.010565773160104291
2721,0.0038411826002206924
2722,0.02070321917183885
2723,-0.06295191660202246
2724,-0.029677299477225576
2725,-0.032322605381100655
2726,-0.04082143596598904
2727,0.004342824780338695
2728,0.005999724228382521
2729,0.006293692126632949
2730,-0.0037111412475090214
2731,0.0204306638540314
2732,-0.02191770501896359
2733,0.005418872282198562
2734,-0.020926204503634038
2735,-0.014670787868446113
2736,-0.0018681677505878297
2737,0.01991820224755695
2738,-0.013607099593645615
2739,-0.005048247854559095
2740,-0.011182965738593278
2741,0.009487987753841241
2742,-0.018694657415525444
2743,0.00025197564555556884
2744,0.0182189806848627
2745,-0.010586498424109771
2746,0.031609003895166896
2747,-0.07529367630960278
2748,-0.06094345401895808
2749,-0.04250733953324046
2750,-0.022907011188338176
2751,-0.04490669277003185
2752,-0.013121468912568214
2753,-0.03842366564182009
2754,0.08690294304904594
2755,0.017194503445907432
2756,0.006009270970935257
2757,0.021807016131547764
2758,-0.00339045601242011
2759,-0.010401073793064469
2760,0.0005043383856794827
2761,-0.00010520489941603581
2762,0.005288748762339998
2763,0.012134254807167726
2764,0.004549831510447612
2765,-0.003719111781213664
2766,-0.04369513401403207
2767,0.026584682534568502
2768,0.03087052023239356
2769,-0.017093592481689734
2770,-0.014602846154112498
2771,-0.003217369009377735
2772,0.016684806158261737
2773,0.0007631180193177292
2774,-0.012817508479765993
2775,0.016679829344862267
2776,-0.018417157547512913
2777,-0.03674317458672881
2778,0.030987772720507015
2779,0.016307759208416664
2780,-0.05194047738069972
2781,0.010390232020236794
2782,0.008410027187524125
2783,0.00014183973867515527
2784,-0.028728254467889562
2785,0.01937541203879509
2786,-0.003412669384881375
2787,0.004245980103538523
2788,-0.029152556454083132
2789,0.027596143661478972
2790,0.02775356845441998
2791,0.0003609324636056504
2792,-0.007078671758202319
2793,0.012057719610608471
2794,0.03851111518266379
2795,-0.023503984920257424
2796,-0.05768992115723375
2797,-0.0066416550297658215
2798,-0.03539316367543766
2799,-0.005579788229461095
2800,-0.04133575739405869
2801,-0.026874194493780895
2802,-0.030281872975099478
2803,-0.09986362282157879
2804,-0.008863951564620949
2805,0.021624223385841933
2806,-0.11450049040456287
2807,0.08949724981485752
2808,0.024093449791963234
2809,-0.1346894715649787
2810,0.16964410175074662
2811,-0.06924511814019042
2812,-0.1869012537066806
2813,-0.6070221277545554
2814,0.2553452250592139
2815,-0.14956936799660114
2816,-0.03534464003292587
2817,0.2397928483404808
2818,-0.10239165118429999
2819,-0.06286754389219856
2820,-0.3859647069535947
2821,-0.08353389889189858
2822,-0.015275756703762189
2823,-0.2049711228601495
2824,0.12702870721899726
2825,0.11050571974835509
2826,0.26524559246653173
2827,-0.027317955816883566
2828,0.18511339828952778
2829,0.053381487177885316
2830,-0.01949794567689294
2831,-0.305229652177982
2832,-0.3129962911903607
2833,0.4491922785784498
2834,0.1038122797806049
2835,-0.06009271140768671
2836,-0.13229804921971372
2837,-0.029563060092419914
2838,-0.21904007261352748
2839,-0.15444827355664498
2840,-0.1269773387848792
2841,0.15676539735931452
2842,0.29452599139130214
2843,0.4118937566276827
2844,0.31084002581986797
2845,-0.033888226130729615
2846,0.24275037240293823
2847,0.3108721790172422
2848,-0.07090888695996325
2849,-0.11031635673631199
2850,-0.09397892118267312
2851,-0.05409217365347323
2852,0.06633404255730134
2853,0.03004937448960182
2854,0.002255725478715159
2855,0.0024066070279716804
2856,0.1176216329103003
2857,-0.1406330633589368
2858,0.0032687041797091823
2859,-0.007462783441210003
2860,0.15960390443510064
2861,-0.01091586348221403
2862,0.19880287014913137
2863,0.04480840811207343
2864,0.036046109137303294
2865,0.17080433286228294
2866,0.15894482167248353
2867,-0.1183652199649528
2868,0.03825445803731717
2869,0.047668108681304305
2870,-3.795524689768209e-05
2871,-0.10824270801800837
2872,-0.16403256683365736
2873,-0.13465538168601385
2874,-0.08682155064822561
2875,-0.1355565494667958
2876,0.037765468531947094
2877,0.06854455308695037
2878,0.07986818532704265
2879,0.014691443660724507
2880,-0.024359369938070446
2881,0.06116654246310886
2882,0.051451450333951806
2883,0.014784605396782375
2884,0.04730293566664557
2885,0.017392954229242648
